{
    "Sài Gòn": "Hồ Chí Minh",
    "Sai Gon": "Hồ Chí Minh",
    "HCM": "Hồ Chí Minh",
    "TP.HCM": "Hồ Chí Minh",
    "TPHCM": "Hồ Chí Minh",
    "Tp Hcm": "Hồ Chí Minh",
    "Bình Dương": "Hồ Chí Minh",
    "Binh Duong": "Hồ Chí Minh",
    "Bà Rịa Vũng Tàu": "Hồ Chí Minh",
    "Ba Ria Vung Tau": "Hồ Chí Minh",
    "Vũng Tàu": "Hồ Chí Minh",
    "Vung Tau": "Hồ Chí Minh",
    "Ha Noi": "Hà Nội",
    "Hanoi": "Hà Nội",
    "Hue": "Huế",
    "Thừa Thiên Huế": "Huế",
    "Thua Thien Hue": "Huế",
    "Lao Cai": "Lào Cai",
    "Yên Bái": "Lào Cai",
    "Yen Bai": "Lào Cai",
    "Sapa": "Lào Cai",
    "Sa Pa": "Lào Cai",
    "Thai Nguyen": "Thái Nguyên",
    "Bắc Kạn": "Thái Nguyên",
    "Bac Can": "Thái Nguyên",
    "Phu Tho": "Phú Thọ",
    "Vĩnh Phúc": "Phú Thọ",
    "Vinh Phuc": "Phú Thọ",
    "Hòa Bình": "Phú Thọ",
    "Hoa Binh": "Phú Thọ",
    "Tam Đảo": "Phú Thọ",
    "Tam Dao": "Phú Thọ",
    "Bac Ninh": "Bắc Ninh",
    "Bắc Giang": "Bắc Ninh",
    "Bac Giang": "Bắc Ninh",
    "Hung Yen": "Hưng Yên",
    "Thái Bình": "Hưng Yên",
    "Thai Binh": "Hưng Yên",
    "Hai Phong": "Hải Phòng",
    "Hải Dương": "Hải Phòng",
    "Hai Duong": "Hải Phòng",
    "Ninh Binh": "Ninh Bình",
    "Hà Nam": "Ninh Bình",
    "Ha Nam": "Ninh Bình",
    "Nam Định": "Ninh Bình",
    "Nam Dinh": "Ninh Bình",
    "Quang Tri": "Quảng Trị",
    "Quảng Bình": "Quảng Trị",
    "Quang Binh": "Quảng Trị",
    "Da Nang": "Đà Nẵng",
    "Danang": "Đà Nẵng",
    "Quảng Nam": "Đà Nẵng",
    "Quang Nam": "Đà Nẵng",
    "Hội An": "Đà Nẵng",
    "Hoi An": "Đà Nẵng",
    "Quang Ngai": "Quảng Ngãi",
    "Kon Tum": "Quảng Ngãi",
    "Bình Định": "Gia Lai",
    "Binh Dinh": "Gia Lai",
    "Quy Nhơn": "Gia Lai",
    "Quy Nhon": "Gia Lai",
    "Khanh Hoa": "Khánh Hòa",
    "Nha Trang": "Khánh Hòa",
    "Ninh Thuận": "Khánh Hòa",
    "Ninh Thuan": "Khánh Hòa",
    "Lam Dong": "Lâm Đồng",
    "Đà Lạt": "Lâm Đồng",
    "Da Lat": "Lâm Đồng",
    "Dalat": "Lâm Đồng",
    "Đắk Nông": "Lâm Đồng",
    "Dak Nong": "Lâm Đồng",
    "Bình Thuận": "Lâm Đồng",
    "Binh Thuan": "Lâm Đồng",
    "Phan Thiết": "Lâm Đồng",
    "Phan Thiet": "Lâm Đồng",
    "Dak Lak": "Đắk Lắk",
    "Daklak": "Đắk Lắk",
    "Phú Yên": "Đắk Lắk",
    "Phu Yen": "Đắk Lắk",
    "Dong Nai": "Đồng Nai",
    "Bình Phước": "Đồng Nai",
    "Binh Phuoc": "Đồng Nai",
    "Tay Ninh": "Tây Ninh",
    "Long An": "Tây Ninh",
    "Can Tho": "Cần Thơ",
    "Cantho": "Cần Thơ",
    "Sóc Trăng": "Cần Thơ",
    "Soc Trang": "Cần Thơ",
    "Hậu Giang": "Cần Thơ",
    "Hau Giang": "Cần Thơ",
    "Vinh Long": "Vĩnh Long",
    "Bến Tre": "Vĩnh Long",
    "Ben Tre": "Vĩnh Long",
    "Trà Vinh": "Vĩnh Long",
    "Tra Vinh": "Vĩnh Long",
    "Dong Thap": "Đồng Tháp",
    "Tiền Giang": "Đồng Tháp",
    "Tien Giang": "Đồng Tháp",
    "Ca Mau": "Cà Mau",
    "Bạc Liêu": "Cà Mau",
    "Bac Lieu": "Cà Mau",
    "Kiên Giang": "An Giang",
    "Kien Giang": "An Giang",
    "Phú Quốc": "An Giang",
    "Phu Quoc": "An Giang",
    "Rạch Giá": "An Giang",
    "Rach Gia": "An Giang",
    "Cao Bang": "Cao Bằng",
    "Dien Bien": "Điện Biên",
    "Ha Tinh": "Hà Tĩnh",
    "Lai Chau": "Lai Châu",
    "Lang Son": "Lạng Sơn",
    "Nghe An": "Nghệ An",
    "Quang Ninh": "Quảng Ninh",
    "Ha Long": "Quảng Ninh",
    "Halong": "Quảng Ninh",
    "Thanh Hoa": "Thanh Hóa",
    "Son La": "Sơn La",
    "Tuyen Quang": "Tuyên Quang"
}