- Sài Gòn
- Sai Gon
- HCM
- TP.HCM
- TPHCM
- Tp Hcm
- Bình Dương
- Binh Duong
- Bà Rịa Vũng Tàu
- Ba Ria Vung Tau
- Vũng Tàu
- Vung Tau
- Ha Noi
- Hanoi
- Hue
- Thừa Thiên Huế
- Thua Thien Hue
- Lao Cai
- Yên Bái
- Yen Bai
- Sapa
- Sa Pa
- Thai Nguyen
- Bắc Kạn
- Bac Can
- Phu Tho
- Vĩnh Phúc
- Vinh Phuc
- Hòa Bình
- Hoa Binh
- Tam Đảo
- Tam Dao
- Bac Ninh
- Bắc Giang
- Bac Giang
- Hung Yen
- Thái Bình
- Thai Binh
- Hai Phong
- Hải Dương
- Hai Duong
- Ninh Binh
- Hà Nam
- Ha Nam
- Nam Định
- Nam Dinh
- Quang Tri
- Quảng Bình
- Quang Binh
- Da Nang
- Danang
- Quảng Nam
- Quang Nam
- Hội An
- Hoi An
- Quang Ngai
- Kon Tum
- Bình Định
- Binh Dinh
- Quy Nhơn
- Quy Nhon
- Khanh Hoa
- Nha Trang
- Ninh Thuận
- Ninh Thuan
- Lam Dong
- Đà Lạt
- Da Lat
- Dalat
- Đắk Nông
- Dak Nong
- Bình Thuận
- Binh Thuan
- Phan Thiết
- Phan Thiet
- Dak Lak
- Daklak
- Phú Yên
- Phu Yen
- Dong Nai
- Bình Phước
- Binh Phuoc
- Tay Ninh
- Long An
- Can Tho
- Cantho
- Sóc Trăng
- Soc Trang
- Hậu Giang
- Hau Giang
- Vinh Long
- Bến Tre
- Ben Tre
- Trà Vinh
- Tra Vinh
- Dong Thap
- Tiền Giang
- Tien Giang
- Ca Mau
- Bạc Liêu
- Bac Lieu
- Kiên Giang
- Kien Giang
- Phú Quốc
- Phu Quoc
- Rạch Giá
- Rach Gia
- Cao Bang
- Dien Bien
- Ha Tinh
- Lai Chau
- Lang Son
- Nghe An
- Quang Ninh
- Ha Long
- Halong
- Thanh Hoa
- Son La
- Tuyen Quang
